<?xml version="1.0" encoding="utf-8" ?>
<extension type="package" method="upgrade">
    <name>Hopper event-schedule package</name>
    <packagename>hopper_event-schedule</packagename>
    <creationDate>2024-07-20</creationDate>
    <author>Schedule - Fields</author>
    <authorEmail>herman@yepr.nl</authorEmail>
    <authorUrl>http://localhost/j4-schedule-fields/</authorUrl>
    <copyright>(C) 2024, Schedule - Fields</copyright>
    <license>GNU General Public License version 2 or later</license>
    <version>1.0.0</version>
    <description>Import files generated by Hopper.</description>

    <scriptfile>script.php</scriptfile>

    <files>
        <file type="component" id="com_hopper">com_hopper-1.0.0.zip</file>
        <file type="file" id="files_hopper_event-schedule">files_hopper_event-schedule-1.0.0.zip</file>
    </files>
</extension>
