<?xml version="1.0" encoding="utf-8"?>
<cck type="fields">
	<author>Octopoos</author>
	<authorEmail>contact@seblod.com</authorEmail>
	<authorUrl>https://www.seblod.com</authorUrl>
	<copyright>Copyright (C) 2009 - 2018 SEBLOD. All Rights Reserved.</copyright>
	<license>GNU General Public License version 2 or later.</license>
	<description>SEBLOD 3.x - www.seblod.com</description>
	<field>
		<id />
		<title>container</title>
		<name>container</name>
		<folder>seblod/apps/event_schedule</folder>
		<type>select_dynamic</type>
		<description />
		<published>1</published>
		<label>Container</label>
		<language>*</language>
		<selectlabel>Select</selectlabel>
		<display>3</display>
		<required />
		<validation />
		<defaultvalue />
		<options />
		<options2>{&quot;query&quot;:&quot;&quot;,&quot;table&quot;:&quot;#__cck_store_form_container&quot;,&quot;name&quot;:&quot;container_name&quot;,&quot;where&quot;:&quot;&quot;,&quot;value&quot;:&quot;id&quot;,&quot;orderby&quot;:&quot;&quot;,&quot;orderby_direction&quot;:&quot;ASC&quot;,&quot;limit&quot;:&quot;&quot;,&quot;language_detection&quot;:&quot;joomla&quot;,&quot;language_codes&quot;:&quot;EN,GB,US,FR&quot;,&quot;language_default&quot;:&quot;EN&quot;,&quot;attr1&quot;:&quot;&quot;,&quot;attr2&quot;:&quot;&quot;,&quot;attr3&quot;:&quot;&quot;,&quot;attr4&quot;:&quot;&quot;,&quot;attr5&quot;:&quot;&quot;,&quot;attr6&quot;:&quot;&quot;}</options2>
		<minlength>0</minlength>
		<maxlength>255</maxlength>
		<size>32</size>
		<cols>0</cols>
		<rows>0</rows>
		<ordering>0</ordering>
		<sorting>0</sorting>
		<divider>,</divider>
		<bool>0</bool>
		<location />
		<extended />
		<style />
		<script />
		<bool2>0</bool2>
		<bool3>0</bool3>
		<bool4>0</bool4>
		<bool5>0</bool5>
		<bool6>0</bool6>
		<bool7>0</bool7>
		<bool8>1</bool8>
		<css />
		<attributes />
		<storage>custom</storage>
		<storage_cck>event</storage_cck>
		<storage_location>free</storage_location>
		<storage_table>#__cck_store_form_event</storage_table>
		<storage_field>locators</storage_field>
		<storage_field2 />
		<storage_filter />
		<storage_key />
		<storage_mode>0</storage_mode>
		<storages />
		<checked_out>0</checked_out>
		<checked_out_time>0000-00-00 00:00:00</checked_out_time>
		<versionning>0</versionning>
	</field>
</cck>