<?xml version="1.0" encoding="utf-8"?>
<cck type="fields">
	<author>Octopoos</author>
	<authorEmail>contact@seblod.com</authorEmail>
	<authorUrl>https://www.seblod.com</authorUrl>
	<copyright>Copyright (C) 2009 - 2018 SEBLOD. All Rights Reserved.</copyright>
	<license>GNU General Public License version 2 or later.</license>
	<description>SEBLOD 3.x - www.seblod.com</description>
	<field>
		<id />
		<title>actor image</title>
		<name>actor_image</name>
		<folder>seblod/apps/event_schedule</folder>
		<type>upload_image</type>
		<description />
		<published>1</published>
		<label>Actor image</label>
		<language>*</language>
		<selectlabel />
		<display>3</display>
		<required />
		<validation />
		<defaultvalue />
		<options />
		<options2>{&quot;path&quot;:&quot;images\/eventschedule\/&quot;,&quot;storage_format&quot;:&quot;0&quot;,&quot;path_content&quot;:&quot;1&quot;,&quot;folder_permissions&quot;:&quot;0755&quot;,&quot;path_user&quot;:&quot;0&quot;,&quot;media_extensions&quot;:&quot;common&quot;,&quot;legal_extensions&quot;:&quot;gif,jpg,png,GIF,JPG,PNG&quot;,&quot;max_size&quot;:&quot;5&quot;,&quot;size_unit&quot;:&quot;2&quot;,&quot;form_preview&quot;:&quot;3&quot;,&quot;delete_box&quot;:&quot;1&quot;,&quot;custom_path&quot;:&quot;0&quot;,&quot;path_label&quot;:&quot;Path&quot;,&quot;multivalue_mode&quot;:&quot;0&quot;,&quot;title_image&quot;:&quot;1&quot;,&quot;title_label&quot;:&quot;Title&quot;,&quot;desc_image&quot;:&quot;1&quot;,&quot;desc_label&quot;:&quot;Description alt&quot;,&quot;force_thumb_creation&quot;:&quot;0&quot;,&quot;content_preview&quot;:&quot;1&quot;,&quot;image_process&quot;:&quot;&quot;,&quot;image_width&quot;:&quot;200&quot;,&quot;image_height&quot;:&quot;200&quot;,&quot;thumb1_process&quot;:&quot;maxfit&quot;,&quot;thumb1_width&quot;:&quot;200&quot;,&quot;thumb1_height&quot;:&quot;200&quot;,&quot;thumb2_process&quot;:&quot;0&quot;,&quot;thumb2_width&quot;:&quot;&quot;,&quot;thumb2_height&quot;:&quot;&quot;,&quot;thumb3_process&quot;:&quot;0&quot;,&quot;thumb3_width&quot;:&quot;&quot;,&quot;thumb3_height&quot;:&quot;&quot;,&quot;thumb4_process&quot;:&quot;0&quot;,&quot;thumb4_width&quot;:&quot;&quot;,&quot;thumb4_height&quot;:&quot;&quot;,&quot;thumb5_process&quot;:&quot;0&quot;,&quot;thumb5_width&quot;:&quot;&quot;,&quot;thumb5_height&quot;:&quot;&quot;,&quot;thumb6_process&quot;:&quot;0&quot;,&quot;thumb6_width&quot;:&quot;&quot;,&quot;thumb6_height&quot;:&quot;&quot;,&quot;thumb7_process&quot;:&quot;0&quot;,&quot;thumb7_width&quot;:&quot;&quot;,&quot;thumb7_height&quot;:&quot;&quot;,&quot;thumb8_process&quot;:&quot;0&quot;,&quot;thumb8_width&quot;:&quot;&quot;,&quot;thumb8_height&quot;:&quot;&quot;,&quot;thumb9_process&quot;:&quot;0&quot;,&quot;thumb9_width&quot;:&quot;&quot;,&quot;thumb9_height&quot;:&quot;&quot;,&quot;thumb10_process&quot;:&quot;0&quot;,&quot;thumb10_width&quot;:&quot;&quot;,&quot;thumb10_height&quot;:&quot;&quot;}</options2>
		<minlength>0</minlength>
		<maxlength>255</maxlength>
		<size>32</size>
		<cols>0</cols>
		<rows>0</rows>
		<ordering>0</ordering>
		<sorting>0</sorting>
		<divider />
		<bool>0</bool>
		<location />
		<extended />
		<style />
		<script />
		<bool2>0</bool2>
		<bool3>0</bool3>
		<bool4>0</bool4>
		<bool5>0</bool5>
		<bool6>0</bool6>
		<bool7>0</bool7>
		<bool8>1</bool8>
		<css />
		<attributes />
		<storage>standard</storage>
		<storage_cck>actor</storage_cck>
		<storage_location>free</storage_location>
		<storage_table>#__cck_store_form_actor</storage_table>
		<storage_field>actor_image</storage_field>
		<storage_field2 />
		<storage_filter />
		<storage_key />
		<storage_mode>0</storage_mode>
		<storages />
		<checked_out />
		<checked_out_time />
		<versionning>0</versionning>
	</field>
</cck>