<?xml version="1.0" encoding="utf-8"?>
<cck type="fields">
	<author>Octopoos</author>
	<authorEmail>contact@seblod.com</authorEmail>
	<authorUrl>https://www.seblod.com</authorUrl>
	<copyright>Copyright (C) 2009 - 2018 SEBLOD. All Rights Reserved.</copyright>
	<license>GNU General Public License version 2 or later.</license>
	<description>SEBLOD 3.x - www.seblod.com</description>
	<field>
		<id />
		<title>event name</title>
		<name>event_name</name>
		<folder>seblod/apps/event_schedule</folder>
		<type>text</type>
		<description />
		<published>1</published>
		<label>Name</label>
		<language>*</language>
		<selectlabel />
		<display>3</display>
		<required />
		<validation />
		<defaultvalue />
		<options />
		<options2 />
		<minlength>0</minlength>
		<maxlength>255</maxlength>
		<size>32</size>
		<cols>0</cols>
		<rows>0</rows>
		<ordering>0</ordering>
		<sorting>0</sorting>
		<divider />
		<bool>0</bool>
		<location />
		<extended />
		<style />
		<script />
		<bool2>0</bool2>
		<bool3>0</bool3>
		<bool4>0</bool4>
		<bool5>0</bool5>
		<bool6>0</bool6>
		<bool7>0</bool7>
		<bool8>1</bool8>
		<css />
		<attributes />
		<storage>standard</storage>
		<storage_cck>event</storage_cck>
		<storage_location>free</storage_location>
		<storage_table>#__cck_store_form_event</storage_table>
		<storage_field>event_name</storage_field>
		<storage_field2 />
		<storage_filter />
		<storage_key />
		<storage_mode>0</storage_mode>
		<storages />
		<checked_out>0</checked_out>
		<checked_out_time>0000-00-00 00:00:00</checked_out_time>
		<versionning>0</versionning>
	</field>
</cck>