<?xml version="1.0" encoding="utf-8"?>
<cck type="joomla_category" version="3.0" folder="content">
	<author>Octopoos</author>
	<authorEmail>contact@seblod.com</authorEmail>
	<authorUrl>https://www.seblod.com</authorUrl>
	<copyright>Copyright (C) 2009 - 2018 SEBLOD. All Rights Reserved.</copyright>
	<license>GNU General Public License version 2 or later.</license>
	<description>SEBLOD 3.x - www.seblod.com</description>
	<joomla_category>
		<typeAlias>{extension}.category</typeAlias>
		<alias>event-schedule</alias>
		<path>event-schedule</path>
		<extension>com_content</extension>
		<title>Event Schedule</title>
		<checked_out_time>0000-00-00 00:00:00</checked_out_time>
		<params>{&quot;category_layout&quot;:&quot;&quot;,&quot;image&quot;:&quot;&quot;}</params>
		<metadata>{&quot;author&quot;:&quot;&quot;,&quot;robots&quot;:&quot;&quot;}</metadata>
		<created_user_id />
		<created_time />
		<language>*</language>
	</joomla_category>
	<acl>{}</acl>
	<app>event_schedule</app>
</cck>