<?xml version="1.0" encoding="utf-8"?>
<extension type="component" version="4.0" method="upgrade">
    <name>com_eventschedule</name>
    <creationDate>2024-11-20</creationDate>
    <copyright>2024 Herman Peeren</copyright>
    <license>GNU General Public License version 2 or later; see LICENSE.txt</license>
    <author>Herman Peeren</author>
    <authorEmail>herman@yepr.nl</authorEmail>
    <authorUrl>http://hermanpeeren.nl</authorUrl>
    <version>CVS: 1.4.0</version>
    <description>Schedule events in timetables per day.</description>
    <namespace path="src">Yepr\Component\Eventschedule</namespace>
    
    <scriptfile>script.php</scriptfile>
    
    <install> <!-- Runs on install -->
        <sql>
            <file driver="mysql" charset="utf8">sql/install.mysql.utf8.sql</file>
        </sql>
    </install>
    <update> <!-- Runs on update -->
        <schemas>
            <schemapath type="mysql">sql/updates</schemapath>
        </schemas>
    </update>
    <uninstall> <!-- Runs on uninstall -->
        <sql>
            <file driver="mysql" charset="utf8">sql/uninstall.mysql.utf8.sql</file>
        </sql>
    </uninstall>

    

    <files folder="site">
        <folder>src</folder>
        <folder>forms</folder>
        <folder>tmpl</folder>
    </files>
    <media destination="com_eventschedule" folder="media">
        <folder>css</folder>
        <folder>js</folder>
        <filename>joomla.asset.json</filename>
    </media>
    <languages folder="site/languages">
        
			<language tag="nl-NL">nl-NL/com_eventschedule.ini</language>
			<language tag="en-GB">en-GB/com_eventschedule.ini</language>
    </languages>
    <administration>
        <menu>COM_EVENTSCHEDULE</menu>
        <submenu>
            
			<menu link="option=com_eventschedule&amp;view=eventschedules" view="eventschedules" alt="Eventschedule/Eventschedules">COM_EVENTSCHEDULE_TITLE_EVENTSCHEDULES</menu>

			<menu link="option=com_eventschedule&amp;view=containers" view="containers" alt="Eventschedule/Containers">COM_EVENTSCHEDULE_TITLE_CONTAINERS</menu>

			<menu link="option=com_eventschedule&amp;view=sections" view="sections" alt="Eventschedule/Sections">COM_EVENTSCHEDULE_TITLE_SECTIONS</menu>

			<menu link="option=com_eventschedule&amp;view=actors" view="actors" alt="Eventschedule/Actors">COM_EVENTSCHEDULE_TITLE_ACTORS</menu>

			<menu link="option=com_eventschedule&amp;view=events" view="events" alt="Eventschedule/Events">COM_EVENTSCHEDULE_TITLE_EVENTS</menu>

			<menu link="option=com_eventschedule&amp;view=eventtypes" view="eventtypes" alt="Eventschedule/Eventtypes">COM_EVENTSCHEDULE_TITLE_EVENTTYPES</menu>

        </submenu>
        <files folder="administrator">
            <filename>access.xml</filename>
            <filename>config.xml</filename>
            <folder>forms</folder>
            <folder>src</folder>
            <folder>tmpl</folder>
            <folder>services</folder>
            <folder>presets</folder>
            <folder>sql</folder>
        </files>
        <languages folder="administrator/languages">
            
			<language tag="nl-NL">nl-NL/com_eventschedule.ini</language>
			<language tag="nl-NL">nl-NL/com_eventschedule.sys.ini</language>
			<language tag="en-GB">en-GB/com_eventschedule.ini</language>
			<language tag="en-GB">en-GB/com_eventschedule.sys.ini</language>
        </languages>
    </administration>
    <config>
        <fields name="params">
            <fieldset name="component">
                <field name="save_history" default="0" />
            </fieldset>
        </fields>
    </config>
    <plugins>
		<plugin group="finder" plugin="eventscheduleactors"/>
		<plugin group="finder" plugin="eventscheduleevents"/>
    </plugins>
    <modules>
		<module module="mod_eventschedule" />
	</modules>

    <updateservers>
        <server type="extension" priority="1" name="com_eventschedule">https://nocdn.component-creator.com/index.php?task=builder.preupdatecheckhook&amp;option=com_combuilder&amp;component=NzA2OC0yMTMyOTA</server>
    </updateservers>
</extension>
<!-- Component built by the Joomla Component Creator -->
<!-- http://www.component-creator.com/ -->
