<?xml version="1.0" encoding="utf-8"?>
<cck type="folders">
	<author>Octopoos</author>
	<authorEmail>contact@seblod.com</authorEmail>
	<authorUrl>https://www.seblod.com</authorUrl>
	<copyright>Copyright (C) 2009 - 2018 SEBLOD. All Rights Reserved.</copyright>
	<license>GNU General Public License version 2 or later.</license>
	<description>SEBLOD 3.x - www.seblod.com</description>
	<folder>
		<id />
		<parent_id>seblod/apps</parent_id>
		<path>seblod/apps/event_schedule</path>
		<title>Event Schedule</title>
		<name>event_schedule</name>
		<color>#2de349</color>
		<introchar />
		<colorchar>#ffffff</colorchar>
		<elements>type,field,search,template</elements>
		<icon_path />
		<depth />
		<lft />
		<rgt />
		<description />
		<app />
		<featured>0</featured>
		<home>0</home>
		<params />
		<published>1</published>
		<checked_out>0</checked_out>
		<checked_out_time>0000-00-00 00:00:00</checked_out_time>
	</folder>
	<acl>{}</acl>
</cck>