<?xml version="1.0" encoding="utf-8"?>
<cck type="folders">
	<author>Octopoos</author>
	<authorEmail>contact@seblod.com</authorEmail>
	<authorUrl>https://www.seblod.com</authorUrl>
	<copyright>Copyright (C) 2009 - 2018 SEBLOD. All Rights Reserved.</copyright>
	<license>GNU General Public License version 2 or later.</license>
	<description>SEBLOD 3.x - www.seblod.com</description>
	<folder>
		<id />
		<parent_id />
		<path>seblod</path>
		<title>SEBLOD</title>
		<name>seblod</name>
		<color>#184d9d</color>
		<introchar />
		<colorchar>#ffffff</colorchar>
		<elements>type,field,search,template</elements>
		<icon_path />
		<depth />
		<lft />
		<rgt />
		<description />
		<app />
		<featured>0</featured>
		<home>0</home>
		<params />
		<published>1</published>
		<checked_out />
		<checked_out_time />
	</folder>
	<acl>{}</acl>
</cck>