<?xml version="1.0" encoding="utf-8"?>
<extension type="package" version="2.5" method="upgrade">
	<name>pkg_app_cck_event_schedule</name>
	<packagename>app_cck_event_schedule</packagename>
	<packager>Octopoos</packager>
	<packagerurl>https://www.seblod.com</packagerurl>
	<copyright>Copyright (C) 2009 - 2018 SEBLOD. All Rights Reserved.</copyright>
	<license>GNU General Public License version 2 or later.</license>
	<creationDate>August 2024</creationDate>
	<description>SEBLOD 3.x Event Schedule App - www.seblod.com</description>
	<version>1.0.0</version>
	<scriptfile>pkg_script.php</scriptfile>
	<files folder="extensions">
		<file type="plugin" id="plg_system_blank" group="system">plg_system_blank.zip</file>
		<file type="plugin" id="plg_cck_field_typo_list" group="cck_field_typo">plg_cck_field_typo_list.zip</file>
	</files>
	<languages folder="languages" />
</extension>