<?xml version="1.0" encoding="utf-8"?>
<cck type="types">
	<author>Octopoos</author>
	<authorEmail>contact@seblod.com</authorEmail>
	<authorUrl>https://www.seblod.com</authorUrl>
	<copyright>Copyright (C) 2009 - 2018 SEBLOD. All Rights Reserved.</copyright>
	<license>GNU General Public License version 2 or later.</license>
	<description>SEBLOD 3.x - www.seblod.com</description>
	<type>
		<id />
		<asset_id />
		<title>Locator</title>
		<name>locator</name>
		<relationships />
		<folder>seblod/apps/event_schedule</folder>
		<template_admin>seb_minima - locator (admin)</template_admin>
		<template_site>seb_minima</template_site>
		<template_content>seb_minima - locator (content)</template_content>
		<template_intro>seb_minima</template_intro>
		<description />
		<indexed>none</indexed>
		<language>*</language>
		<published>1</published>
		<options_admin>{&quot;message_style&quot;:&quot;message&quot;,&quot;message&quot;:&quot;&quot;,&quot;data_integrity_excluded&quot;:&quot;&quot;,&quot;message_style_no_access&quot;:&quot;error&quot;,&quot;action_no_access&quot;:&quot;redirection&quot;,&quot;message_no_access&quot;:&quot;&quot;,&quot;redirection_url_no_access&quot;:&quot;index.php?option=com_users&amp;view=login&quot;,&quot;stages&quot;:&quot;1&quot;,&quot;validation_position&quot;:&quot;&quot;,&quot;validation_scroll&quot;:&quot;&quot;,&quot;validation_color&quot;:&quot;&quot;,&quot;validation_background_color&quot;:&quot;&quot;}</options_admin>
		<options_site />
		<options_content>{&quot;sef&quot;:&quot;&quot;,&quot;title&quot;:&quot;&quot;,&quot;desc&quot;:&quot;&quot;,&quot;metatitle&quot;:&quot;&quot;,&quot;metadesc&quot;:&quot;&quot;}</options_content>
		<options_intro />
		<admin_form>0</admin_form>
		<location />
		<locked>1</locked>
		<parent />
		<parent_inherit>1</parent_inherit>
		<permissions />
		<storage_location>none</storage_location>
		<stylesheets />
		<version>9</version>
		<checked_out>0</checked_out>
		<checked_out_time>0000-00-00 00:00:00</checked_out_time>
		<access>3</access>
		<created_date>2024-08-01 13:24:47</created_date>
		<created_user_id>180</created_user_id>
		<modified_date>2024-08-08 11:50:15</modified_date>
		<modified_user_id>180</modified_user_id>
	</type>
	<acl>{&quot;core.create.max.parent&quot;:{&quot;8&quot;:0},&quot;core.create.max.parent.author&quot;:{&quot;8&quot;:0},&quot;core.create.max.author&quot;:{&quot;8&quot;:0}}</acl>
	<fields>
		<field1 client="admin" ordering="1" label="" variation="" variation_override="" required="" required_alert="" validation="" validation_options="" link="" link_options="" live="" live_options="" live_value="" markup="" markup_class="" typo="" typo_label="0" typo_options="" stage="0" access="1" restriction="" restriction_options="" computation="" computation_options="" conditional="" conditional_options="" position="mainbody">container</field1>
		<field2 client="admin" ordering="2" label="" variation="" variation_override="" required="" required_alert="" validation="" validation_options="" link="" link_options="" live="" live_options="" live_value="" markup="" markup_class="" typo="" typo_label="0" typo_options="" stage="0" access="1" restriction="" restriction_options="" computation="" computation_options="" conditional="" conditional_options="" position="mainbody">section</field2>
		<field3 client="admin" ordering="3" label="" variation="" variation_override="" required="" required_alert="" validation="" validation_options="" link="" link_options="" live="" live_options="" live_value="" markup="" markup_class="" typo="" typo_label="0" typo_options="" stage="0" access="1" restriction="" restriction_options="" computation="" computation_options="" conditional="" conditional_options="" position="mainbody">starttime</field3>
		<field4 client="admin" ordering="4" label="" variation="" variation_override="" required="" required_alert="" validation="" validation_options="" link="" link_options="" live="" live_options="" live_value="" markup="" markup_class="" typo="" typo_label="0" typo_options="" stage="0" access="1" restriction="" restriction_options="" computation="" computation_options="" conditional="" conditional_options="" position="mainbody">endtime</field4>
		<field5 client="content" ordering="1" label="" variation="" variation_override="" required="" required_alert="" validation="" validation_options="" link="" link_options="" live="" live_options="" live_value="" markup="" markup_class="" typo="" typo_label="0" typo_options="" stage="0" access="1" restriction="" restriction_options="" computation="" computation_options="" conditional="" conditional_options="" position="mainbody">container</field5>
		<field6 client="content" ordering="2" label="" variation="" variation_override="" required="" required_alert="" validation="" validation_options="" link="" link_options="" live="" live_options="" live_value="" markup="" markup_class="" typo="" typo_label="0" typo_options="" stage="0" access="1" restriction="" restriction_options="" computation="" computation_options="" conditional="" conditional_options="" position="mainbody">section</field6>
		<field7 client="content" ordering="3" label="" variation="" variation_override="" required="" required_alert="" validation="" validation_options="" link="" link_options="" live="" live_options="" live_value="" markup="" markup_class="" typo="" typo_label="0" typo_options="" stage="0" access="1" restriction="" restriction_options="" computation="" computation_options="" conditional="" conditional_options="" position="mainbody">starttime</field7>
		<field8 client="content" ordering="4" label="" variation="" variation_override="" required="" required_alert="" validation="" validation_options="" link="" link_options="" live="" live_options="" live_value="" markup="" markup_class="" typo="" typo_label="0" typo_options="" stage="0" access="1" restriction="" restriction_options="" computation="" computation_options="" conditional="" conditional_options="" position="mainbody">endtime</field8>
	</fields>
	<positions>
		<position1 client="admin" legend="" variation="" variation_options="" width="" height="" css="">_post_</position1>
		<position2 client="admin" legend="" variation="" variation_options="" width="" height="" css="">mainbody</position2>
		<position3 client="content" legend="" variation="" variation_options="" width="" height="" css="">_post_</position3>
		<position4 client="content" legend="" variation="" variation_options="" width="" height="" css="">mainbody</position4>
	</positions>
</cck>