<?xml version="1.0" encoding="utf-8"?>
<metadata>
    <layout title="COM_EVENTSCHEDULE_TITLE_ITEM_VIEW_ACTOR" option="View">
        <message>
                        <![CDATA[COM_EVENTSCHEDULE_TITLE_ITEM_VIEW_ACTOR_DESC]]>
        </message>
    </layout>
    <fields name="request">
        <fieldset 
            name="request"
            label="COM_EVENTSCHEDULE_FIELDSET_ITEM_ID_SELECT_LABEL">
            <field
                name="id"
                query="SELECT `id`, `actor_name` FROM #__eventschedule_actors ORDER BY `id`"
                type="sql"
                key_field="id" 
                value_field="actor_name"
                label="COM_EVENTSCHEDULE_ITEM_ID_SELECT_LABEL"
                require="true"
                description="JGLOBAL_SHOW_TITLE_DESC">
            </field>
        </fieldset>
    </fields>
</metadata>
