<?xml version="1.0" encoding="utf-8"?>
<cck type="template_styles">
	<author>Octopoos</author>
	<authorEmail>contact@seblod.com</authorEmail>
	<authorUrl>https://www.seblod.com</authorUrl>
	<copyright>Copyright (C) 2009 - 2018 SEBLOD. All Rights Reserved.</copyright>
	<license>GNU General Public License version 2 or later.</license>
	<description>SEBLOD 3.x - www.seblod.com</description>
	<template_style>
		<id />
		<template>seb_minima</template>
		<client_id>0</client_id>
		<home>0</home>
		<title>seb_minima - event (site)</title>
		<inheritable>0</inheritable>
		<parent />
		<params>{&quot;rendering_css_class&quot;:&quot;&quot;,&quot;rendering_custom_attributes&quot;:&quot;&quot;,&quot;field_label&quot;:&quot;1&quot;,&quot;field_description&quot;:&quot;0&quot;,&quot;position_clear&quot;:&quot;1&quot;,&quot;variation_default&quot;:&quot;&quot;,&quot;position_hidden&quot;:&quot;1&quot;,&quot;position_modal&quot;:&quot;1&quot;}</params>
	</template_style>
</cck>