<?xml version="1.0" encoding="utf-8"?>
<cck type="template_styles">
	<author>Octopoos</author>
	<authorEmail>contact@seblod.com</authorEmail>
	<authorUrl>https://www.seblod.com</authorUrl>
	<copyright>Copyright (C) 2009 - 2018 SEBLOD. All Rights Reserved.</copyright>
	<license>GNU General Public License version 2 or later.</license>
	<description>SEBLOD 3.x - www.seblod.com</description>
	<template_style>
		<id />
		<template>seb_table</template>
		<client_id>0</client_id>
		<home>0</home>
		<title>seb_table - events (list)</title>
		<inheritable>0</inheritable>
		<parent />
		<params>{&quot;rendering_item_attributes&quot;:&quot;&quot;,&quot;rendering_css_class&quot;:&quot;&quot;,&quot;rendering_custom_attributes&quot;:&quot;&quot;,&quot;cck_client_item&quot;:&quot;0&quot;,&quot;class_table&quot;:&quot;table table-striped&quot;,&quot;table_header&quot;:&quot;0&quot;,&quot;class_table_tr_even&quot;:&quot;&quot;,&quot;table_layout&quot;:&quot;&quot;,&quot;class_table_tr_odd&quot;:&quot;&quot;,&quot;table_columns&quot;:&quot;0&quot;,&quot;position_margin&quot;:&quot;10&quot;}</params>
	</template_style>
</cck>